CRs,D1_G1,D1_G2,D1_G3,D1_G4,D1_G5,D2_G1,D2_G2,D2_G3,D2_G4,D2_G5,D3_G1,D3_G2,D3_G3,D3_G4,D3_G5,D4_G1,D4_G2,D4_G3,D4_G4,D4_G5,D5_G1,D5_G2,D5_G3,D5_G4,D5_G5
CR1,-0.889496596,-0.244310133,0.976491952,0.931964599,0.945390714,0.247285672,0.108429035,0.185283967,-0.939510334,0.378628262,-0.497908793,-0.348864668,-0.713249856,0.856901162,-0.862382045,-0.956744254,-0.444234345,-0.727902128,-0.312526846,0.338793748,-0.866525233,0.400832061,0.07311923,-0.900418894,-0.511058778
CR2,-0.416968169,0.08903526,-0.709536012,0.377873027,0.363964887,0.475940222,-0.860455576,0.979858624,-0.611525413,0.001520713,-0.93318536,-0.912806766,-0.130767511,-0.598048707,0.871322498,0.49171691,0.840702575,0.31553765,0.927028218,0.388504983,0.612635333,0.798377275,0.588670548,-0.429803535,0.905162881
CR3,-0.842536178,-0.74115325,0.152741585,-0.998339391,-0.80439887,0.996602696,0.629607007,-0.048679981,-0.218328617,-0.254002221,0.481364625,-0.362202482,-0.599715588,-0.876176198,-0.256927281,-0.507155262,-0.259855987,0.754986262,-0.941099926,0.927891192,0.795057857,-0.522721821,-0.227853797,-0.638276786,0.318546193
CR4,-0.990511444,0.09179718,-0.30339886,0.094740452,-0.300179649,-0.088596714,0.358364263,0.576738727,-0.872217582,-0.063014672,-0.051913198,0.475670711,-0.71750632,0.677741681,0.68309208,-0.811505191,-0.999966353,0.483076302,0.176349159,-0.625530101,-0.959228937,0.633203599,0.02228097,0.114326275,-0.815992848
CR5,-0.314773528,-0.653761037,0.647429852,0.52134334,0.243034785,-0.491688454,0.04267805,0.854353158,0.517622307,-0.758473352,0.246670689,-0.406353034,-0.846484395,-0.908008543,-0.05551249,-0.164369332,0.531591352,-0.898575837,-0.067652345,0.882238724,0.604084512,0.257794414,-0.59580147,-0.246294208,-0.517425772